Year,White ,Black ,Hispancic,Asain/Native Hawaiian and Pacific Islander,American Indian/Alaska Native,Multiple Races,Total,White DO,Black DO,Hispanic DO,Total DO
2008,9.3,24.1,21.3,10.6,24.4,16.6,13.2,4.8,9.9,18.3,8
2009,10,25.8,23.5,11.5,26.7,17.2,14.3,5.2,9.3,17.6,8.1
2010,10.6,27.1,24.7,12.5,27.9,19,15.3,5.1,8,15.1,7.4
2011,10.9,27.9,25.8,12.9,29.2,20.7,15.9,5,7.3,13.6,7.1
2012,11,27.9,25.3,13.2,28.8,20.1,15.9,4.3,7.5,12.7,6.6
2013,11.1,27.6,24.7,12.9,29.3,19.6,15.8,5.1,7.3,11.7,6.8
2014,10.8,26.9,24.1,12.6,28.7,19.6,15.5,5.2,7.4,10.6,6.5
2015,10.4,25.4,22.6,12.1,26.4,17.8,14.7,4.6,6.5,9.2,5.9
2016,10,23.8,21,12,27.3,17.4,14.1,5.2,6.2,8.6,6.1
2017,9.6,22.9,19.3,11.2,26.2,15.9,13.4,4.6,5.7,9.5,5.8
2018,9.4,22.4,18.9,10.8,24.5,15.5,13.1,4.5,5.8,9,5.7
2019,9,21.2,17.2,9.7,24.2,14.9,12.3,,,,
