Year,White,Black,Hispancic,Asain/Native Hawaiian and Pacific Islander,American Indian/Alaska Native,Multiple Races,Total,White DO,Black DO,Hispanic DO,Total DO
2008,18046000,8425300,9734000,1412900,468400,939000,39025500,4.8,9.9,18.3,8
2009,19423700,9124900,11075700,1571900,505200,1020000,42721400,5.2,9.3,17.6,8.1
2010,20417100,9807900,12246200,1833000,557700,1218400,46080300,5.1,8,15.1,7.4
2011,20968500,10187700,13127400,1931100,584600,1391600,48190800,5,7.3,13.6,7.1
2012,21054300,10279700,13118700,2049300,582100,1391200,48475300,4.3,7.5,12.7,6.6
2013,21287300,10258400,13029900,2064500,588700,1427600,48656500,5.1,7.3,11.7,6.8
2014,20744700,10101800,13051200,2088300,575700,1467000,48028600,5.2,7.4,10.6,6.5
2015,19980100,9616900,12479300, ,524300,1391900,46077300,4.6,6.5,9.2,5.9
2016,19282800,9047000,11795000,2092900,556500,1418400,44192500,5.2,6.2,8.6,6.1
2017,18525600,8796700,11129000,2041200,535200,1359100,42386900,4.6,5.7,9.5,5.8
2018,18080900,8647800,11060100,1987100,509500,1359000,41644300,4.5,5.8,9,5.7
2019,17328200,8244000,10174200,1800200,514100,1322600,39383200,,,,
